step,max_speed_change
2.000000,1.456681
3.000000,0.726923
4.000000,0.707932
5.000000,0.551078
6.000000,0.472620
7.000000,0.457024
8.000000,0.415334
