step,max_speed_change
2.000000,1.478555
3.000000,0.735987
4.000000,0.712698
5.000000,0.555870
6.000000,0.473176
7.000000,0.458690
8.000000,0.418085
9.000000,0.346277
10.000000,0.312270
11.000000,0.302264
12.000000,0.278874
13.000000,0.258347
14.000000,0.228902
15.000000,0.234158
