step,max_speed_change
2.000000,1.547921
3.000000,0.951021
4.000000,0.952012
5.000000,0.709051
6.000000,0.736036
7.000000,0.676690
8.000000,0.559058
9.000000,0.497274
10.000000,0.492958
11.000000,0.447083
12.000000,0.383885
